{
  "intercept": {
    "b0": 19.9945,
    "std_error": 6.3678,
    "confidence_interval": [
      7.259,
      32.73
    ],
    "t_value": 3.14,
    "p_value": 0.002605
  },
  "slope": {
    "b1": 3.4138,
    "std_error": 0.1955,
    "confidence_interval": [
      3.0229,
      3.8048
    ],
    "t_value": 17.4651,
    "p_value": 0
  },
  "equation": "y = 19.9945 + 3.4138 * x",
  "rss": 78796.7416,
  "tss": 472818.2898,
  "rse": 35.9409,
  "R_squared": 0.8333,
  "adjRsquared": 0.8306,
  "f_statistic": 305.03,
  "degrees_of_freedom": 61,
  "predicted_y": [
    388.68743024628236,
    84.85713340037577,
    64.37419203997757,
    443.30860720734427,
    156.54742816176946,
    214.5824286828977,
    98.51242764064123,
    67.78801560004393,
    173.6165459621013,
    54.13272135977847,
    37.06360355944664,
    183.8580166423004,
    57.54654491984484,
    98.51242764064123,
    43.89125067957937,
    26.82213287924754,
    101.92625120070761,
    40.47742711951301,
    30.23595643931391,
    98.51242764064123,
    40.47742711951301,
    50.71889779971211,
    50.71889779971211,
    30.23595643931391,
    118.99536900103944,
    43.89125067957937,
    33.64977999938027,
    88.27095696044213,
    43.89125067957937,
    33.64977999938027,
    19.99448575911481,
    105.34007476077397,
    40.47742711951301,
    37.06360355944664,
    95.09860408057487,
    57.54654491984484,
    228.23772292316318,
    60.96036847991121,
    33.64977999938027,
    74.61566272017667,
    64.37419203997757,
    224.82389936309679,
    159.96125172183582,
    146.30595748157037,
    207.75478156276498,
    159.96125172183582,
    57.54654491984484,
    112.1677218809067,
    47.30507423964574,
    30.23595643931391,
    78.02948628024305,
    64.37419203997757,
    64.37419203997757,
    71.2018391601103,
    47.30507423964574,
    118.99536900103944,
    122.4091925611058,
    101.92625120070761,
    50.71889779971211,
    125.82301612117217,
    67.78801560004393,
    200.92713444263222,
    108.75389832084034
  ],
  "residuals": [
    3.8125697537176393,
    -38.65713340037577,
    -48.67419203997757,
    -21.108607207344278,
    -37.147428161769454,
    -43.682428682897694,
    -41.612427640641236,
    9.711984399956066,
    40.3834540378987,
    11.167278640221525,
    -16.163603559446642,
    64.24198335769958,
    -34.04654491984484,
    -58.91242764064123,
    4.908749320420625,
    -20.22213287924754,
    32.973748799292395,
    10.422572880486989,
    -25.83595643931391,
    14.487572359358765,
    -25.67742711951301,
    -2.018897799712107,
    1.3811022002878914,
    -17.03595643931391,
    -15.09536900103943,
    33.60874932042063,
    -21.84977999938027,
    9.82904303955786,
    -15.991250679579373,
    4.45022000061973,
    -19.99448575911481,
    -36.14007476077397,
    -25.87742711951301,
    3.2363964405533565,
    66.40139591942513,
    -0.34654491984483826,
    -10.637722923163182,
    -2.860368479911209,
    -21.04977999938027,
    -15.015662720176671,
    25.525807960022433,
    -22.42389936309678,
    21.33874827816419,
    6.494042518429637,
    -44.954781562764964,
    -86.56125172183582,
    -36.24654491984484,
    -19.567721880906703,
    28.794925760354253,
    9.664043560686089,
    64.07051371975695,
    28.625807960022428,
    -32.474192039977574,
    -39.101839160110295,
    8.29492576035426,
    14.304630998960576,
    72.0908074388942,
    35.973748799292395,
    36.681102200287896,
    83.97698387882784,
    27.711984399956066,
    43.67286555736777,
    78.74610167915966
  ]
}
